format,count,mae_baseline,rmse_baseline,mape_baseline,mae_current,rmse_current,mape_current,mae_delta,rmse_delta,mape_delta
posit_8_0,11840,31151.81023713817,2870779.6291177836,0.9593899644525653,30835.427465847235,2870390.0387208406,13.01993260930347,-316.3827712909333,-389.59039694303647,12.060542644850905
posit_8_1,11840,458.4692331594044,44752.18149069771,1.000530128948988,451.9623522825224,44720.06472803712,2.4749781411482363,-6.506880876882008,-32.1167626605893,1.4744480121992483
posit_8_2,11840,1.2112986722310104,19.998061329787692,0.9838103415937682,0.9755472479460027,19.975613730303014,1.9478908286087504,-0.23575142428500773,-0.02244759948467845,0.9640804870149822
posit_16_0,11840,122.24064238006396,11213.723990818648,6.0525568241131475,119.5065739453513,11204.59121105991,5.267991793346779,-2.734068434712654,-9.132779758738252,-0.7845650307663687
posit_16_1,11840,0.12125321679795589,2.9209679091995095,12.456889974975002,0.09998398460607749,2.922199870738902,7.351847124315976,-0.0212692321918784,0.0012319615393923122,-5.105042850659026
posit_16_2,11840,0.023633812275352942,0.22529211104687505,12.456218103837204,0.01629730112811081,0.219806399339825,6.380193056023575,-0.007336511147242132,-0.005485711707050062,-6.076025047813628
posit_32_0,11840,0.0146567886972308,0.18154529584500761,82.15566101687553,0.013819142154872333,0.1787400956855623,5.4630800561520205,-0.0008376465423584663,-0.0028052001594453257,-76.6925809607235
posit_32_1,11840,2.4446465019155336e-05,0.0001520610438614984,223.88069063260494,3.425760050402385e-06,7.370939362441534e-05,12.093376311282304,-2.1020704968752952e-05,-7.835165023708307e-05,-211.78731432132264
posit_32_2,11840,1.5575629953921573e-05,8.432133900822248e-05,497.4843470575346,5.210674428619699e-07,3.9707302239387615e-06,17.8259542769824,-1.5054562511059603e-05,-8.035060878428371e-05,-479.65839278055216
