feature_group,importance
format,0.8099961604177449
context,0.07343961658706222
graph,0.062449116411733355
role,0.025431098809364523
local,0.015684850890627152
opcode,0.012999156883467887
