feature_group,importance
format,0.7572144179139286
graph,0.09637010411825031
role,0.06491289450787008
context,0.04838453547563404
opcode,0.02885627350769937
local,0.004261749272700399
