target,pred
posit_8_0,0.7977325402152193
posit_8_1,0.6766233539204661
posit_8_2,0.6751113271782112
posit_16_0,0.052798638727882936
posit_16_1,0.01986104911248362
posit_16_2,0.005901520226365351
posit_32_0,2.795460147345357e-07
posit_32_1,7.318113331848414e-08
posit_32_2,4.643232664974143e-08
