{
  "ir": "/home/hoju/test/llvm-project/polly/test/ForwardOpTree/atax.ll",
  "pred_rel_err": {
    "posit_8_0": 0.7977325402152193,
    "posit_8_1": 0.6766233539204661,
    "posit_8_2": 0.6751113271782112,
    "posit_16_0": 0.052798638727882936,
    "posit_16_1": 0.01986104911248362,
    "posit_16_2": 0.005901520226365351,
    "posit_32_0": 2.795460147345357e-07,
    "posit_32_1": 7.318113331848414e-08,
    "posit_32_2": 4.643232664974143e-08
  },
  "meta": {
    "vec_len": 2100.0,
    "rows": 4100.0,
    "cols": 2100.0,
    "alpha": 0.0,
    "beta": 0.0,
    "x_stats": {
      "mean": 0.0,
      "std": 1.0,
      "min": -3.0,
      "max": 3.0,
      "abs_max": 3.0,
      "skewness": 0.0,
      "excess_kurtosis": 0.0,
      "p01": -2.3,
      "p50": 0.0,
      "p99": 2.3,
      "near_zero_ratio": 0.01,
      "pos_ratio": 0.5,
      "neg_ratio": 0.5
    },
    "y_stats": {
      "mean": 0.0,
      "std": 1.0,
      "min": -3.0,
      "max": 3.0,
      "abs_max": 3.0,
      "skewness": 0.0,
      "excess_kurtosis": 0.0,
      "p01": -2.3,
      "p50": 0.0,
      "p99": 2.3,
      "near_zero_ratio": 0.01,
      "pos_ratio": 0.5,
      "neg_ratio": 0.5
    },
    "format_features_json": null
  }
}
