{
  "dataset": "/home/hoju/test/posit_test/data/generated_entity_label_dataset_ri.csv",
  "rows_total": 1350,
  "train_rows": 1080,
  "test_rows": 270,
  "train_apps": 120,
  "test_apps": 30,
  "positive_rate_total": 0.7044444444444444,
  "positive_rate_train": 0.7055555555555556,
  "positive_rate_test": 0.7,
  "model": "RandomForestClassifier",
  "train_config": {
    "n_estimators": 400,
    "max_depth": 12,
    "random_state": 0,
    "class_weight": "balanced_subsample"
  },
  "holdout": {
    "accuracy": 0.9666666666666667,
    "f1": 0.9761273209549072,
    "confusion_matrix": [
      [
        77,
        4
      ],
      [
        5,
        184
      ]
    ],
    "classification_report": {
      "0": {
        "precision": 0.9390243902439024,
        "recall": 0.9506172839506173,
        "f1-score": 0.9447852760736196,
        "support": 81.0
      },
      "1": {
        "precision": 0.9787234042553191,
        "recall": 0.9735449735449735,
        "f1-score": 0.9761273209549072,
        "support": 189.0
      },
      "accuracy": 0.9666666666666667,
      "macro avg": {
        "precision": 0.9588738972496107,
        "recall": 0.9620811287477954,
        "f1-score": 0.9604562985142634,
        "support": 270.0
      },
      "weighted avg": {
        "precision": 0.9668137000518939,
        "recall": 0.9666666666666667,
        "f1-score": 0.9667247074905209,
        "support": 270.0
      }
    },
    "roc_auc": 0.9883401920438958
  },
  "feature_columns": {
    "numeric": [
      "use_count",
      "is_loop_carried",
      "is_output_related",
      "fanout",
      "reduction_depth",
      "distance_to_output",
      "same_loop_neighbor_count",
      "num_arith_users",
      "format_n",
      "format_es"
    ],
    "categorical": [
      "family",
      "role",
      "def_opcode",
      "function",
      "bb",
      "format"
    ]
  }
}
