{
  "dataset": "/home/hoju/test/posit_test/data/generated_entity_label_dataset_accum.csv",
  "rows_total": 1350,
  "train_rows": 1080,
  "test_rows": 270,
  "train_apps": 120,
  "test_apps": 30,
  "positive_rate_total": 0.4540740740740741,
  "positive_rate_train": 0.4462962962962963,
  "positive_rate_test": 0.48518518518518516,
  "model": "RandomForestClassifier",
  "train_config": {
    "n_estimators": 400,
    "max_depth": 12,
    "random_state": 0,
    "class_weight": "balanced_subsample"
  },
  "holdout": {
    "accuracy": 0.9481481481481482,
    "f1": 0.9465648854961832,
    "confusion_matrix": [
      [
        132,
        7
      ],
      [
        7,
        124
      ]
    ],
    "classification_report": {
      "0": {
        "precision": 0.9496402877697842,
        "recall": 0.9496402877697842,
        "f1-score": 0.9496402877697842,
        "support": 139.0
      },
      "1": {
        "precision": 0.9465648854961832,
        "recall": 0.9465648854961832,
        "f1-score": 0.9465648854961832,
        "support": 131.0
      },
      "accuracy": 0.9481481481481482,
      "macro avg": {
        "precision": 0.9481025866329837,
        "recall": 0.9481025866329837,
        "f1-score": 0.9481025866329837,
        "support": 270.0
      },
      "weighted avg": {
        "precision": 0.9481481481481482,
        "recall": 0.9481481481481482,
        "f1-score": 0.9481481481481482,
        "support": 270.0
      }
    },
    "roc_auc": 0.9858037234334669
  },
  "feature_columns": {
    "numeric": [
      "use_count",
      "is_loop_carried",
      "is_output_related",
      "fanout",
      "reduction_depth",
      "distance_to_output",
      "same_loop_neighbor_count",
      "num_arith_users",
      "format_n",
      "format_es"
    ],
    "categorical": [
      "family",
      "role",
      "def_opcode",
      "function",
      "bb",
      "format"
    ]
  }
}
