{
  "dataset": "/home/hoju/test/posit_test/data/generated_entity_label_dataset_accum.csv",
  "rows_total": 1350,
  "train_rows": 1080,
  "test_rows": 270,
  "train_apps": 120,
  "test_apps": 30,
  "positive_rate_total": 0.4540740740740741,
  "positive_rate_train": 0.4462962962962963,
  "positive_rate_test": 0.48518518518518516,
  "model": "XGBClassifier",
  "train_config": {
    "n_estimators": 300,
    "max_depth": 4,
    "learning_rate": 0.05,
    "subsample": 0.8,
    "colsample_bytree": 0.8,
    "reg_lambda": 4.0,
    "min_child_weight": 5.0,
    "random_state": 0,
    "scale_pos_weight": 1.2406639004149378
  },
  "holdout": {
    "accuracy": 0.9444444444444444,
    "f1": 0.9416342412451362,
    "roc_auc": 0.9857488055357241,
    "confusion_matrix": [
      [
        134,
        5
      ],
      [
        10,
        121
      ]
    ],
    "classification_report": {
      "0": {
        "precision": 0.9305555555555556,
        "recall": 0.9640287769784173,
        "f1-score": 0.9469964664310954,
        "support": 139.0
      },
      "1": {
        "precision": 0.9603174603174603,
        "recall": 0.9236641221374046,
        "f1-score": 0.9416342412451362,
        "support": 131.0
      },
      "accuracy": 0.9444444444444444,
      "macro avg": {
        "precision": 0.9454365079365079,
        "recall": 0.9438464495579109,
        "f1-score": 0.9443153538381157,
        "support": 270.0
      },
      "weighted avg": {
        "precision": 0.9449955908289241,
        "recall": 0.9444444444444444,
        "f1-score": 0.9443947942112411,
        "support": 270.0
      }
    }
  },
  "feature_columns": {
    "numeric": [
      "use_count",
      "is_loop_carried",
      "is_output_related",
      "fanout",
      "reduction_depth",
      "distance_to_output",
      "same_loop_neighbor_count",
      "num_arith_users",
      "format_n",
      "format_es"
    ],
    "categorical": [
      "family",
      "role",
      "def_opcode",
      "function",
      "bb",
      "format"
    ]
  }
}
