target,pred
posit_8_0,0.7377896785408131
posit_8_1,0.599972473422006
posit_8_2,0.6165671461205452
posit_16_0,0.01961658234372378
posit_16_1,0.009335278405783881
posit_16_2,0.0047343459111378215
posit_32_0,1.762980106754218e-07
posit_32_1,6.733251950928833e-08
posit_32_2,5.656217907952817e-08
