target,pred
posit_8_0,0.8112063241682157
posit_8_1,0.4680780511476825
posit_8_2,0.4315213068597304
posit_16_0,0.017752842581796914
posit_16_1,0.003036017843789834
posit_16_2,0.0014698101987031943
posit_32_0,2.2050957188166475e-07
posit_32_1,3.9934852935214244e-08
posit_32_2,3.087480445658198e-08
fp32,2.1949810976789841e-07
