{
  "ir": "/home/hoju/test/polybench-c-3.2/bicg.ll",
  "pred_rel_err": {
    "posit_8_0": 2.3367625560489977,
    "posit_8_1": 1.1962046537666629,
    "posit_8_2": 0.6607112678479138,
    "posit_16_0": 0.2743677640495849,
    "posit_16_1": 0.09982874366881887,
    "posit_16_2": 0.01021792137040433,
    "posit_32_0": 0.0014360863121019847,
    "posit_32_1": 3.6603375742859906e-06,
    "posit_32_2": 1.681216150695651e-07
  },
  "meta": {
    "vec_len": 4000.0,
    "rows": 4000.0,
    "cols": 4000.0,
    "alpha": 0.0,
    "beta": 0.0,
    "x_stats": {
      "mean": 1000.0,
      "std": 881.917,
      "min": 0.0,
      "max": 3999.0,
      "abs_max": 3999.0,
      "skewness": 0.971908,
      "excess_kurtosis": 0.151836,
      "p01": 5.23625,
      "p50": 746.726,
      "p99": 3447.81,
      "near_zero_ratio": 0.0156904,
      "pos_ratio": 0.99975,
      "neg_ratio": 0.0
    },
    "y_stats": {
      "mean": 6281.61,
      "std": 3627.6,
      "min": 0.0,
      "max": 12563.2,
      "abs_max": 12563.2,
      "skewness": 5.31243e-16,
      "excess_kurtosis": -1.2,
      "p01": 122.522,
      "p50": 6280.04,
      "p99": 12437.6,
      "near_zero_ratio": 0.003,
      "pos_ratio": 0.99975,
      "neg_ratio": 0.0
    },
    "format_features_json": "/home/hoju/test/posit_test/data/bicg_benchmark_eval_polybench_fullfeat/format_features.json"
  }
}
