target,pred_rel_err,actual_sum_rel_err,actual_l2_rel_err
fp32,None,5.32011e-08,5.43336e-07
posit_8_0,2.272921905560406,1.0,1.0
posit_8_1,0.8696326256944256,1.0,1.0
posit_8_2,0.5134866483113517,1.0,1.0
posit_16_0,0.18621587881066204,1.0,1.0
posit_16_1,0.0870499921744499,1.0,1.0
posit_16_2,0.008735023116354981,0.999922,0.99993
posit_32_0,0.0007881809698922668,1.0,1.0
posit_32_1,2.738704629759261e-06,0.983453,0.984128
posit_32_2,1.1821638035481658e-07,0.000185395,0.00169863
