{
  "ir": "/home/hoju/test/polybench-c-3.2/atax.ll",
  "pred_rel_err": {
    "posit_8_0": 2.272921905560406,
    "posit_8_1": 0.8696326256944256,
    "posit_8_2": 0.5134866483113517,
    "posit_16_0": 0.18621587881066204,
    "posit_16_1": 0.0870499921744499,
    "posit_16_2": 0.008735023116354981,
    "posit_32_0": 0.0007881809698922668,
    "posit_32_1": 2.738704629759261e-06,
    "posit_32_2": 1.1821638035481658e-07
  },
  "meta": {
    "vec_len": 4000.0,
    "rows": 4000.0,
    "cols": 4000.0,
    "alpha": 0.0,
    "beta": 0.0,
    "x_stats": {
      "mean": 1000.0,
      "std": 881.917,
      "min": 0.0,
      "max": 3999.0,
      "abs_max": 3999.0,
      "skewness": 0.971908,
      "excess_kurtosis": 0.151836,
      "p01": 5.23625,
      "p50": 746.726,
      "p99": 3447.81,
      "near_zero_ratio": 0.0156904,
      "pos_ratio": 0.99975,
      "neg_ratio": 0.0
    },
    "y_stats": {
      "mean": 6281.61,
      "std": 3627.6,
      "min": 0.0,
      "max": 12563.2,
      "abs_max": 12563.2,
      "skewness": -2.89595e-16,
      "excess_kurtosis": -1.2,
      "p01": 122.522,
      "p50": 6280.04,
      "p99": 12437.6,
      "near_zero_ratio": 0.003,
      "pos_ratio": 0.99975,
      "neg_ratio": 0.0
    },
    "format_features_json": null
  }
}
